{
  "generated_at_utc": "2026-07-16T19:43:13.920693+00:00",
  "validation_type": "internal retrospective held-out release verification",
  "model_version": "v7",
  "safety_rule_version": "2026.07.2",
  "target_definition": "critical = ESI 1 or ESI 2",
  "clinical_validation": false,
  "dataset": {
    "path": "data\\raw\\triage.csv",
    "source_file_bytes": 1556892496,
    "rows_after_filter": 558029,
    "critical_rate": 0.30250219970646686,
    "validation_rows": 89285,
    "test_rows": 111606,
    "random_state": 42
  },
  "reproduction": {
    "passed": true,
    "absolute_differences": {
      "auc": 0.0,
      "average_precision": 0.0,
      "precision": 0.0,
      "recall": 0.0,
      "fpr": 0.0,
      "specificity": 0.0
    },
    "max_absolute_difference": 0.0
  },
  "profiles": {
    "full_triage_time": {
      "operating_threshold": 0.3016650974750519,
      "threshold_selection": {
        "strategy": "max_precision_at_target_recall",
        "validation_precision": 0.543494811946662,
        "validation_recall": 0.9250620163649154,
        "target_recall": 0.925
      },
      "validation_metrics": {
        "auc": 0.9047188938699935,
        "average_precision": 0.8199915111367706,
        "threshold": 0.3016650974750519,
        "precision": 0.543494811946662,
        "recall": 0.9250620163649154,
        "f1": 0.6847081392162235,
        "fpr": 0.33698374975913675,
        "specificity": 0.6630162502408633,
        "tp": 24985,
        "fp": 20986,
        "tn": 41290,
        "fn": 2024
      },
      "default_threshold_test_metrics": {
        "auc": 0.904149945993152,
        "average_precision": 0.8202339085626529,
        "threshold": 0.3016650974750519,
        "precision": 0.5446518932123539,
        "recall": 0.9245579218625041,
        "f1": 0.6854871473904975,
        "fpr": 0.3352302652707303,
        "specificity": 0.6647697347292697,
        "tp": 31214,
        "fp": 26096,
        "tn": 51749,
        "fn": 2547
      },
      "model_only": {
        "auc": 0.904149945993152,
        "average_precision": 0.8202339085626529,
        "threshold": 0.3016650974750519,
        "precision": 0.5446518932123539,
        "recall": 0.9245579218625041,
        "f1": 0.6854871473904975,
        "fpr": 0.3352302652707303,
        "specificity": 0.6647697347292697,
        "tp": 31214,
        "fp": 26096,
        "tn": 51749,
        "fn": 2547
      },
      "hybrid_critical": {
        "auc": null,
        "average_precision": null,
        "threshold": 0.3016650974750519,
        "precision": 0.5439278061357816,
        "recall": 0.924794881668197,
        "f1": 0.6849783901186898,
        "fpr": 0.3362964866080031,
        "specificity": 0.663703513391997,
        "tp": 31222,
        "fp": 26179,
        "tn": 51666,
        "fn": 2539
      },
      "safety": {
        "immediate_count": 3285,
        "urgent_count": 11485,
        "measurement_warning_count": 23,
        "false_negatives_rescued": 8,
        "additional_false_positives": 83
      }
    },
    "core_vitals": {
      "operating_threshold": 0.15296417474746704,
      "threshold_selection": {
        "strategy": "max_precision_at_target_recall",
        "validation_precision": 0.3397060613025784,
        "validation_recall": 0.9302454737309785,
        "target_recall": 0.925
      },
      "validation_metrics": {
        "auc": 0.6957171169247992,
        "average_precision": 0.4906314128724461,
        "threshold": 0.15296417474746704,
        "precision": 0.3397060613025784,
        "recall": 0.9302454737309785,
        "f1": 0.49767257601267706,
        "fpr": 0.7841865245038216,
        "specificity": 0.2158134754961783,
        "tp": 25125,
        "fp": 48836,
        "tn": 13440,
        "fn": 1884
      },
      "default_threshold_test_metrics": {
        "auc": 0.6947928651545574,
        "average_precision": 0.4891651470262843,
        "threshold": 0.3016650974750519,
        "precision": 0.49380059103173585,
        "recall": 0.45534788661473297,
        "f1": 0.4737953246112832,
        "fpr": 0.20244074763954012,
        "specificity": 0.7975592523604599,
        "tp": 15373,
        "fp": 15759,
        "tn": 62086,
        "fn": 18388
      },
      "model_only": {
        "auc": 0.6947928651545574,
        "average_precision": 0.4891651470262843,
        "threshold": 0.15296417474746704,
        "precision": 0.33942004827519023,
        "recall": 0.9288231983649773,
        "f1": 0.4971620636078257,
        "fpr": 0.783980987860492,
        "specificity": 0.216019012139508,
        "tp": 31358,
        "fp": 61029,
        "tn": 16816,
        "fn": 2403
      },
      "hybrid_critical": {
        "auc": null,
        "average_precision": null,
        "threshold": 0.15296417474746704,
        "precision": 0.33942004827519023,
        "recall": 0.9288231983649773,
        "f1": 0.4971620636078257,
        "fpr": 0.783980987860492,
        "specificity": 0.216019012139508,
        "tp": 31358,
        "fp": 61029,
        "tn": 16816,
        "fn": 2403
      },
      "safety": {
        "immediate_count": 1546,
        "urgent_count": 11679,
        "measurement_warning_count": 23,
        "false_negatives_rescued": 0,
        "additional_false_positives": 0
      }
    },
    "complaint_age_hr_o2": {
      "operating_threshold": 0.1881568878889084,
      "threshold_selection": {
        "strategy": "max_precision_at_target_recall",
        "validation_precision": 0.4359699174649706,
        "validation_recall": 0.9250620163649154,
        "target_recall": 0.925
      },
      "validation_metrics": {
        "auc": 0.8341542906764775,
        "average_precision": 0.7075065713640816,
        "threshold": 0.1881568878889084,
        "precision": 0.4359699174649706,
        "recall": 0.9250620163649154,
        "f1": 0.5926373965226879,
        "fpr": 0.5190442546085169,
        "specificity": 0.48095574539148306,
        "tp": 24985,
        "fp": 32324,
        "tn": 29952,
        "fn": 2024
      },
      "default_threshold_test_metrics": {
        "auc": 0.8355945883084874,
        "average_precision": 0.7119231928293317,
        "threshold": 0.3016650974750519,
        "precision": 0.5668548624810104,
        "recall": 0.7404993927904979,
        "f1": 0.6421452789479092,
        "fpr": 0.24539790609544607,
        "specificity": 0.7546020939045539,
        "tp": 25000,
        "fp": 19103,
        "tn": 58742,
        "fn": 8761
      },
      "model_only": {
        "auc": 0.8355945883084874,
        "average_precision": 0.7119231928293317,
        "threshold": 0.1881568878889084,
        "precision": 0.43644956514443917,
        "recall": 0.9245579218625041,
        "f1": 0.5929767569980718,
        "fpr": 0.5177468045474982,
        "specificity": 0.4822531954525018,
        "tp": 31214,
        "fp": 40304,
        "tn": 37541,
        "fn": 2547
      },
      "hybrid_critical": {
        "auc": null,
        "average_precision": null,
        "threshold": 0.1881568878889084,
        "precision": 0.4364208318769661,
        "recall": 0.9245875418382157,
        "f1": 0.5929563284767205,
        "fpr": 0.5178238807887469,
        "specificity": 0.48217611921125314,
        "tp": 31215,
        "fp": 40310,
        "tn": 37535,
        "fn": 2546
      },
      "safety": {
        "immediate_count": 515,
        "urgent_count": 7090,
        "measurement_warning_count": 0,
        "false_negatives_rescued": 1,
        "additional_false_positives": 6
      }
    },
    "complaint_hr_o2": {
      "operating_threshold": 0.16415970027446747,
      "threshold_selection": {
        "strategy": "max_precision_at_target_recall",
        "validation_precision": 0.4088483055752042,
        "validation_recall": 0.9416120552408457,
        "target_recall": 0.925
      },
      "validation_metrics": {
        "auc": 0.8138497903681433,
        "average_precision": 0.6757815152627326,
        "threshold": 0.16415970027446747,